Model,RMSE,Train time (sec),Test time (sec),,Model & RMSE & Train time (sec) & Test time (sec) \\ \hline
SARIMA,111,1956,0.11,,SARIMA & 111.193738354794 & 1955.61222624778 & 0.107837438583374 \\ \hline
RNN,375,8,0.13,,RNN & 375.216631055692 & 7.8914668560028 & 0.1301109790802 \\ \hline
Vanilla LSTM,131,9,0.15,,Vanilla LSTM & 130.6857428132 & 9.41088604927062 & 0.150673627853393 \\ \hline
Stacked LSTM,103,24,0.23,,Stacked LSTM & 102.875168071792 & 23.9048650264739 & 0.230754852294921 \\ \hline
Bidirect LSTM,234,25,0.32,,Bidirect LSTM & 234.085671943281 & 24.9068982601165 & 0.317576169967651 \\ \hline
CNN LSTM,262,4,0.15,,CNN LSTM & 261.785001210782 & 3.97395038604736 & 0.15236496925354 \\ \hline
Encoder Decoder LSTM,264,49,0.34,,Encoder Decoder LSTM & 264.151871692772 & 49.3193347454071 & 0.335126161575317 \\ \hline
